Workbook

Sheet Raw Data
A1: Date | B1: Region | C1: Category | D1: Product | E1: Units Sold | F1: Unit Price | G1: Salesperson | H1: Total Sales | I1: Month
A2: 2025-01-02 | B2: East | C2: Furniture | D2: Bookshelf | E2: 6 | F2: 129.99 | G2: S. Novak | H2: =E2*F2 -> 779.94 | I2: =TEXT(A2,"MMM YYYY") -> Jan 2025
A3: 2025-01-05 | B3: West | C3: Electronics | D3: Laptop | E3: 18 | F3: 899.99 | G3: J. Chen | H3: =E3*F3 -> 16199.82 | I3: =TEXT(A3,"MMM YYYY") -> Jan 2025
A4: 2025-01-09 | B4: South | C4: Furniture | D4: Bookshelf | E4: 14 | F4: 129.99 | G4: A. Rivera | H4: =E4*F4 -> 1819.86 | I4: =TEXT(A4,"MMM YYYY") -> Jan 2025
A5: 2025-01-10 | B5: North | C5: Office Supplies | D5: Stapler | E5: 21 | F5: 8.99 | G5: A. Rivera | H5: =E5*F5 -> 188.79 | I5: =TEXT(A5,"MMM YYYY") -> Jan 2025
A6: 2025-01-13 | B6: South | C6: Office Supplies | D6: Pen Pack | E6: 22 | F6: 4.99 | G6: S. Novak | H6: =E6*F6 -> 109.78 | I6: =TEXT(A6,"MMM YYYY") -> Jan 2025
A7: 2025-01-14 | B7: South | C7: Appliances | D7: Coffee Maker | E7: 15 | F7: 59.99 | G7: L. Nguyen | H7: =E7*F7 -> 899.85 | I7: =TEXT(A7,"MMM YYYY") -> Jan 2025
A8: 2025-01-14 | B8: East | C8: Appliances | D8: Desk Fan | E8: 23 | F8: 34.99 | G8: J. Chen | H8: =E8*F8 -> 804.77 | I8: =TEXT(A8,"MMM YYYY") -> Jan 2025
A9: 2025-01-15 | B9: North | C9: Office Supplies | D9: Printer Paper | E9: 10 | F9: 6.99 | G9: M. Patel | H9: =E9*F9 -> 69.9 | I9: =TEXT(A9,"MMM YYYY") -> Jan 2025
A10: 2025-01-16 | B10: North | C10: Furniture | D10: Standing Desk | E10: 17 | F10: 349.99 | G10: L. Nguyen | H10: =E10*F10 -> 5949.83 | I10: =TEXT(A10,"MMM YYYY") -> Jan 2025
A11: 2025-01-16 | B11: North | C11: Furniture | D11: Filing Cabinet | E11: 14 | F11: 99.99 | G11: K. Osei | H11: =E11*F11 -> 1399.86 | I11: =TEXT(A11,"MMM YYYY") -> Jan 2025
A12: 2025-01-16 | B12: West | C12: Office Supplies | D12: Notebook Set | E12: 16 | F12: 12.99 | G12: J. Chen | H12: =E12*F12 -> 207.84 | I12: =TEXT(A12,"MMM YYYY") -> Jan 2025
A13: 2025-01-19 | B13: West | C13: Electronics | D13: Smartphone | E13: 9 | F13: 649.99 | G13: M. Patel | H13: =E13*F13 -> 5849.91 | I13: =TEXT(A13,"MMM YYYY") -> Jan 2025
... A401: 2025-12-31 | B401: North | C401: Office Supplies | D401: Printer Paper | E401: 25 | F401: 6.99 | G401: J. Chen | H401: =E401*F401 -> 174.75 | I401: =TEXT(A401,"MMM YYYY") -> Dec 2025

Sheet Dashboard
B2: Sales Performance Dashboard
B3: FY2025 · Source: Raw Data sheet (SUMIFS-driven, recalculates automatically)
B5: Total Revenue | E5: Total Units Sold | H5: Avg Order Value | K5: Transactions
B6: =Analysis!B10 -> 975473.63 | E6: =SUM('Raw Data'!E2:E401) -> 5337 | H6: =Analysis!B10/COUNTA('Raw Data'!A2:A401) -> 2438.6841 | K6: =COUNTA('Raw Data'!A2:A401) -> 400
R26: Monthly Sales (chart data)
R27: Month | S27: Sales
R28: Jan 2025 | S28: =SUMIFS('Raw Data'!$H$2:$H$401,'Raw Data'!$I$2:$I$401,R28) -> 48231.94
R29: Feb 2025 | S29: =SUMIFS('Raw Data'!$H$2:$H$401,'Raw Data'!$I$2:$I$401,R29) -> 72361
R30: Mar 2025 | S30: =SUMIFS('Raw Data'!$H$2:$H$401,'Raw Data'!$I$2:$I$401,R30) -> 93795.82
R31: Apr 2025 | S31: =SUMIFS('Raw Data'!$H$2:$H$401,'Raw Data'!$I$2:$I$401,R31) -> 67399.95
R32: May 2025 | S32: =SUMIFS('Raw Data'!$H$2:$H$401,'Raw Data'!$I$2:$I$401,R32) -> 76438.84
R33: Jun 2025 | S33: =SUMIFS('Raw Data'!$H$2:$H$401,'Raw Data'!$I$2:$I$401,R33) -> 162803.19
R34: Jul 2025 | S34: =SUMIFS('Raw Data'!$H$2:$H$401,'Raw Data'!$I$2:$I$401,R34) -> 88930.64
R35: Aug 2025 | S35: =SUMIFS('Raw Data'!$H$2:$H$401,'Raw Data'!$I$2:$I$401,R35) -> 68020.04
R36: Sep 2025 | S36: =SUMIFS('Raw Data'!$H$2:$H$401,'Raw Data'!$I$2:$I$401,R36) -> 44523.3
R37: Oct 2025 | S37: =SUMIFS('Raw Data'!$H$2:$H$401,'Raw Data'!$I$2:$I$401,R37) -> 66537.19
R38: Nov 2025 | S38: =SUMIFS('Raw Data'!$H$2:$H$401,'Raw Data'!$I$2:$I$401,R38) -> 104445.49
R39: Dec 2025 | S39: =SUMIFS('Raw Data'!$H$2:$H$401,'Raw Data'!$I$2:$I$401,R39) -> 81986.23

Sheet Analysis
A1: Data Analyst Portfolio Project — Sales Performance Analysis
A2: Techniques demonstrated: SUMIFS, INDEX/MATCH, COUNTIFS, AVERAGEIFS, IFERROR, conditional formatting
A4: Total Sales by Region
A5: Region | B5: Total Sales | C5: Units Sold | D5: Avg Order Value
A6: North | B6: =SUMIFS('Raw Data'!$H$2:$H$401,'Raw Data'!$B$2:$B$401,A6) -> 161544.09 | C6: =SUMIFS('Raw Data'!$E$2:$E$401,'Raw Data'!$B$2:$B$401,A6) -> 1291 | D6: =IFERROR(B6/COUNTIFS('Raw Data'!$B$2:$B$401,A6),0) -> 1682.7509
A7: South | B7: =SUMIFS('Raw Data'!$H$2:$H$401,'Raw Data'!$B$2:$B$401,A7) -> 269035.51 | C7: =SUMIFS('Raw Data'!$E$2:$E$401,'Raw Data'!$B$2:$B$401,A7) -> 1349 | D7: =IFERROR(B7/COUNTIFS('Raw Data'!$B$2:$B$401,A7),0) -> 2663.7179
A8: East | B8: =SUMIFS('Raw Data'!$H$2:$H$401,'Raw Data'!$B$2:$B$401,A8) -> 266776.08 | C8: =SUMIFS('Raw Data'!$E$2:$E$401,'Raw Data'!$B$2:$B$401,A8) -> 1392 | D8: =IFERROR(B8/COUNTIFS('Raw Data'!$B$2:$B$401,A8),0) -> 2493.2344
A9: West | B9: =SUMIFS('Raw Data'!$H$2:$H$401,'Raw Data'!$B$2:$B$401,A9) -> 278117.95 | C9: =SUMIFS('Raw Data'!$E$2:$E$401,'Raw Data'!$B$2:$B$401,A9) -> 1305 | D9: =IFERROR(B9/COUNTIFS('Raw Data'!$B$2:$B$401,A9),0) -> 2897.062
A10: Total | B10: =SUM(B6:B9) -> 975473.63
A12: Total Sales by Category
A13: Category | B13: Total Sales | C13: Units Sold | D13: % of Total
A14: Electronics | B14: =SUMIFS('Raw Data'!$H$2:$H$401,'Raw Data'!$C$2:$C$401,A14) -> 598167.21 | C14: =SUMIFS('Raw Data'!$E$2:$E$401,'Raw Data'!$C$2:$C$401,A14) -> 1279 | D14: =B14/$B$10 -> 0.61320695
A15: Furniture | B15: =SUMIFS('Raw Data'!$H$2:$H$401,'Raw Data'!$C$2:$C$401,A15) -> 239627.44 | C15: =SUMIFS('Raw Data'!$E$2:$E$401,'Raw Data'!$C$2:$C$401,A15) -> 1256 | D15: =B15/$B$10 -> 0.2456524
A16: Office Supplies | B16: =SUMIFS('Raw Data'!$H$2:$H$401,'Raw Data'!$C$2:$C$401,A16) -> 12057.9 | C16: =SUMIFS('Raw Data'!$E$2:$E$401,'Raw Data'!$C$2:$C$401,A16) -> 1410 | D16: =B16/$B$10 -> 0.012361072
A17: Appliances | B17: =SUMIFS('Raw Data'!$H$2:$H$401,'Raw Data'!$C$2:$C$401,A17) -> 125621.08 | C17: =SUMIFS('Raw Data'!$E$2:$E$401,'Raw Data'!$C$2:$C$401,A17) -> 1392 | D17: =B17/$B$10 -> 0.12877958
A20: Product Lookup — INDEX/MATCH
A21: Enter a Product name to look up:
A22: Product | B22: Total Units Sold | C22: Total Sales | D22: Salesperson (last sale)
A23: Laptop | B23: =SUMIFS('Raw Data'!$E$2:$E$401,'Raw Data'!$D$2:$D$401,A23) -> 263 | C23: =SUMIFS('Raw Data'!$H$2:$H$401,'Raw Data'!$D$2:$D$401,A23) -> 236697.37 | D23: =INDEX('Raw Data'!$G$2:$G$401,MATCH(A23,'Raw Data'!$D$2:$D$401,0)) -> J. Chen
A24: Note: yellow cell is an input — type any product name from Raw Data (e.g. Monitor, Coffee Maker).
A26: Salesperson Performance
A27: Salesperson | B27: Total Sales | C27: Deals Closed | D27: Avg Deal Size | E27: Rank
A28: A. Rivera | B28: =SUMIFS('Raw Data'!$H$2:$H$401,'Raw Data'!$G$2:$G$401,A28) -> 88247.39 | C28: =COUNTIFS('Raw Data'!$G$2:$G$401,A28) -> 58 | D28: =IFERROR(B28/C28,0) -> 1521.5067 | E28: =RANK(B28,$B$28:$B$33) -> 6
A29: J. Chen | B29: =SUMIFS('Raw Data'!$H$2:$H$401,'Raw Data'!$G$2:$G$401,A29) -> 172271.89 | C29: =COUNTIFS('Raw Data'!$G$2:$G$401,A29) -> 64 | D29: =IFERROR(B29/C29,0) -> 2691.7483 | E29: =RANK(B29,$B$28:$B$33) -> 3
A30: M. Patel | B30: =SUMIFS('Raw Data'!$H$2:$H$401,'Raw Data'!$G$2:$G$401,A30) -> 204923.07 | C30: =COUNTIFS('Raw Data'!$G$2:$G$401,A30) -> 71 | D30: =IFERROR(B30/C30,0) -> 2886.2404 | E30: =RANK(B30,$B$28:$B$33) -> 1
A31: K. Osei | B31: =SUMIFS('Raw Data'!$H$2:$H$401,'Raw Data'!$G$2:$G$401,A31) -> 158582.28 | C31: =COUNTIFS('Raw Data'!$G$2:$G$401,A31) -> 71 | D31: =IFERROR(B31/C31,0) -> 2233.5532 | E31: =RANK(B31,$B$28:$B$33) -> 4
A32: L. Nguyen | B32: =SUMIFS('Raw Data'!$H$2:$H$401,'Raw Data'!$G$2:$G$401,A32) -> 202721.52 | C32: =COUNTIFS('Raw Data'!$G$2:$G$401,A32) -> 71 | D32: =IFERROR(B32/C32,0) -> 2855.2327 | E32: =RANK(B32,$B$28:$B$33) -> 2
A33: S. Novak | B33: =SUMIFS('Raw Data'!$H$2:$H$401,'Raw Data'!$G$2:$G$401,A33) -> 148727.48 | C33: =COUNTIFS('Raw Data'!$G$2:$G$401,A33) -> 65 | D33: =IFERROR(B33/C33,0) -> 2288.1151 | E33: =RANK(B33,$B$28:$B$33) -> 5
